{
    "Q183": 597.8294071054049,
    "Q985": 189.0810672700998,
    "Q8167": 96.6798841538404,
    "Q8165": 83.18052656722004,
    "Q8172": 102.75212893171606,
    "Q8170": 94.43516294262429,
    "Q980": 265.6143821407267,
    "Q10559": 101.63596804281445,
    "Q10547": 92.36335853573104,
    "Q10551": 85.12167761504703,
    "Q10557": 99.96014205672179,
    "Q10562": 132.39950906253392,
    "Q10554": 85.03052393111547,
    "Q10555": 98.4430292097922,
    "Q64": 29.85163312115436,
    "Q158095": 8.043631020876083,
    "Q158893": 4.494441010848846,
    "Q329609": 7.218725649309579,
    "Q119284": 7.857480512225277,
    "Q163966": 6.284902544988268,
    "Q4071168": 6.700746227100382,
    "Q163012": 10.14889156509222,
    "Q158876": 9.460443964212251,
    "Q158083": 9.585301247222228,
    "Q158064": 10.14889156509222,
    "Q158106": 7.283543093852058,
    "Q158089": 12.96148139681572,
    "Q1208": 171.69341862750593,
    "Q6115": 38.466478913464385,
    "Q3931": 15.156516750229915,
    "Q3214": 12.869731931940152,
    "Q6173": 1.5033296378372907,
    "Q6152": 43.46653885461781,
    "Q4024": 12.159358535712318,
    "Q6139": 41.43669871020132,
    "Q6181": 46.13014198980965,
    "Q6119": 42.37652652117679,
    "Q6156": 34.88051031736778,
    "Q6178": 47.34976240700686,
    "Q6125": 50.092115147995095,
    "Q1711": 13.720787149431333,
    "Q6142": 50.907857939614786,
    "Q6132": 46.07938801676949,
    "Q6165": 40.594211410002785,
    "Q6146": 45.870360800848296,
    "Q6109": 55.29990958401288,
    "Q1209": 20.478769494283586,
    "Q24879": 17.82918954972435,
    "Q2706": 9.677809669548166,
    "Q1055": 27.47890099694673,
    "Q1630": 8.848728722251575,
    "Q1637": 12.441864811996632,
    "Q1632": 7.078135347674555,
    "Q1626": 11.924764148611073,
    "Q1627": 7.582875444051551,
    "Q1635": 12.68857754044952,
    "Q1633": 12.144957801491119,
    "Q1199": 145.2583904633395,
    "Q7932": 86.28371804691776,
    "Q7931": 73.35652663533082,
    "Q7928": 91.04229786203773,
    "Q1197": 218.20648477989832,
    "Q5947": 26.981475126464083,
    "Q5929": 35.874782229304195,
    "Q2773": 13.881642554107204,
    "Q5919": 39.42080668885405,
    "Q5945": 37.656340767525464,
    "Q5939": 31.32091952673165,
    "Q5897": 45.36276005712175,
    "Q3907": 7.90253124005214,
    "Q5956": 44.57577817604534,
    "Q4174": 10.599056561788885,
    "Q5936": 53.6849140820771,
    "Q5932": 24.657656011875904,
    "Q6053": 39.534794801541594,
    "Q6040": 31.06557580345164,
    "Q6022": 33.421549934136806,
    "Q5970": 28.21347195933177,
    "Q5963": 47.86439177509728,
    "Q5907": 35.28498264134475,
    "Q5922": 43.2839462156583,
    "Q6047": 25.96150997149434,
    "Q5978": 34.72751070837067,
    "Q5973": 26.30589287593181,
    "Q5958": 37.403208418530085,
    "Q5934": 32.95451410656816,
    "Q5913": 34.92849839314596,
    "Q5910": 36.37444157646959,
    "Q6018": 35.59494346111537,
    "Q5952": 32.60368077380221,
    "Q5940": 46.06517122512408,
    "Q5926": 25.509410028458127,
    "Q6045": 23.130067012440755,
    "Q5923": 45.502197749119766,
    "Q3200": 14.982990355733397,
    "Q5966": 26.0,
    "Q5906": 35.58089374931439,
    "Q5915": 38.13135192987524,
    "Q5941": 28.513154858766505,
    "Q5927": 28.065993657805883,
    "Q5948": 28.668275148672617,
    "Q3857": 103.47463457292324,
    "Q5931": 25.62518292617635,
    "Q6041": 26.876197647732837,
    "Q3014": 14.30419518882485,
    "Q1196": 152.23008901002456,
    "Q2905": 68.92024376045111,
    "Q2902": 73.9459261893446,
    "Q2876": 46.010868281309364,
    "Q2861": 13.46699669562594,
    "Q2898": 58.57473858242988,
    "Q1709": 11.424535001478178,
    "Q2917": 62.66578013557319,
    "Q2909": 56.462376853972415,
    "Q1198": 184.69574981574425,
    "Q7924": 17.82918954972435,
    "Q7927": 85.81357701436295,
    "Q7923": 80.7349986065523,
    "Q7926": 72.7490281722031,
    "Q7920": 83.17144942827436,
    "Q1200": 140.90195172530437,
    "Q8596": 28.053520278211074,
    "Q8608": 25.337718918639855,
    "Q8566": 24.24871130596428,
    "Q8557": 24.392621835300936,
    "Q8572": 29.389113630730684,
    "Q8585": 34.17601498127012,
    "Q8575": 27.874719729532707,
    "Q8590": 26.302471366774643,
    "Q8564": 25.405904825453472,
    "Q8580": 40.325178238911725,
    "Q6905": 6.624198064671678,
    "Q8543": 21.523475555773977,
    "Q3758": 11.819475453673906,
    "Q3104": 10.259142264341596,
    "Q8562": 23.946189676021525,
    "Q7052": 9.107140056021978,
    "Q8559": 25.295256472311166,
    "Q2910": 8.799431799837988,
    "Q1720": 9.885848471426213,
    "Q8569": 24.614020394888765,
    "Q8593": 28.59597873827717,
    "Q4149": 10.820813278122861,
    "Q8606": 25.035974117257748,
    "Q14849": 7.833262411026456,
    "Q8574": 31.475387209691323,
    "Q8601": 17.82918954972435,
    "Q8554": 17.82918954972435,
    "Q6829": 6.535288822997803,
    "Q8551": 25.296047122030746,
    "Q8552": 17.82918954972435,
    "Q3138": 10.81988909370147,
    "Q8579": 33.18132004607411,
    "Q8583": 17.82918954972435,
    "Q8602": 17.82918954972435,
    "Q3852": 10.4273678366115,
    "Q16017": 8.404760555780278,
    "Q1201": 50.695167422546305,
    "Q6802": 23.558437978779494,
    "Q6799": 15.784802817900514,
    "Q6805": 20.264254242384546,
    "Q6794": 21.426152244395166,
    "Q6793": 20.457761363355473,
    "Q6789": 17.82918954972435,
    "Q1202": 135.70431091162874,
    "Q571947": 48.89478499799339,
    "Q2795": 14.867750334196495,
    "Q1731": 18.124017214734707,
    "Q6339": 17.82918954972435,
    "Q6317": 45.89226514348578,
    "Q6308": 1.284523257866513,
    "Q2079": 17.25688268488837,
    "Q6313": 38.139087561188454,
    "Q6328": 46.00923820277836,
    "Q6301": 1.4212670403551895,
    "Q6323": 40.66497264231221,
    "Q6337": 36.19254066793322,
    "Q6330": 30.811199262605797,
    "Q1206": 143.01748144894736,
    "Q6061": 47.8858016535173,
    "Q6071": 38.1156135986291,
    "Q6102": 37.59614341923916,
    "Q6064": 48.641546028061235,
    "Q3828": 15.644487847162015,
    "Q2814": 11.620240961357041,
    "Q6087": 1.449137674618944,
    "Q6068": 39.709444720368474,
    "Q1733": 14.177799547179385,
    "Q6092": 38.06336821669885,
    "Q6098": 37.8638349880199,
    "Q6081": 37.7610910859313,
    "Q6057": 49.22438420132851,
    "Q6075": 43.931310019165146,
    "Q1194": 125.715074672849,
    "Q2947": 17.82918954972435,
    "Q3798": 7.531932023060219,
    "Q3000": 35.538289210371396,
    "Q1707": 10.892658077806354,
    "Q2843": 14.635914730552376,
    "Q3879": 8.465222974027323,
    "Q2937": 45.64318130893157,
    "Q2975": 37.31688625810037,
    "Q3006": 25.773629934489243,
    "Q2970": 32.90440699967103,
    "Q2967": 46.788566979551746,
    "Q2941": 45.509779168877536,
    "Q2980": 36.66592423490781,
    "Q3011": 32.49984615348202,
    "Q3003": 27.682666056577716,
    "Q1205": 127.1652468247516,
    "Q7888": 23.862313383240945,
    "Q7861": 30.70944480123338,
    "Q7070": 10.206370559606388,
    "Q1729": 16.428937884111683,
    "Q3750": 12.336531116971253,
    "Q7869": 30.595424494522053,
    "Q7887": 29.08573533538391,
    "Q7878": 29.046686558022415,
    "Q3150": 10.712609392673663,
    "Q7862": 32.21630022209254,
    "Q7872": 30.63364163791174,
    "Q7882": 32.18741990281296,
    "Q7858": 26.719094296027325,
    "Q7884": 28.552583070538468,
    "Q7883": 33.930811956096775,
    "Q7871": 34.79554569194166,
    "Q7875": 20.82330425268766,
    "Q14891": 11.90042016064979,
    "Q7865": 28.40492914970921,
    "Q7864": 31.3,
    "Q7866": 36.15840151334127,
    "Q3955": 9.191300234460845,
    "Q7879": 28.36335664197734
}