{"Q183": [10.0, 51.0], "Q985": [9.041111111, 48.537777777], "Q8167": [8.33, 48.0], "Q8165": [8.5, 49.0], "Q8172": [9.67, 49.0], "Q8170": [9.5, 48.17], "Q980": [11.431111111, 48.7775], "Q10559": [12.7479, 48.6902], "Q10547": [9.9319, 50.02447], "Q10551": [10.583333, 49.3], "Q10557": [10.5, 48.5], "Q10562": [11.566667, 48.133333], "Q10554": [11.583333333, 49.95], "Q10555": [12.2, 49.3], "Q64": [13.383333333, 52.516666666], "Q158095": [13.283333333, 52.5], "Q158893": [13.45, 52.5], "Q329609": [13.5, 52.533333333], "Q119284": [13.583333333, 52.533333333], "Q163966": [13.366666666, 52.516666666], "Q4071168": [13.45, 52.483333333], "Q163012": [13.4, 52.566666666], "Q158876": [13.333333333, 52.566666666], "Q158083": [13.2, 52.55], "Q158064": [13.25, 52.433333333], "Q158106": [13.383333333, 52.466666666], "Q158089": [13.566666666, 52.45], "Q1208": [13.008055555, 52.361944444], "Q6115": [13.75, 52.833333333], "Q3931": [12.556111111, 52.411666666], "Q3214": [14.334166666, 51.760555555], "Q6173": [13.9, 52.033333333], "Q6152": [13.433333333, 51.6], "Q4024": [14.551667, 52.341944], "Q6139": [12.633333333, 52.633333333], "Q6181": [14.133333333, 52.633333333], "Q6119": [13.25, 52.883333333], "Q6156": [14.0, 51.583333333], "Q6178": [14.283333333, 52.216666666], "Q6125": [12.666666666, 52.966666666], "Q1711": [13.066666666, 52.4], "Q6142": [12.75, 52.2], "Q6132": [12.0, 53.0], "Q6165": [14.4, 51.683333333], "Q6146": [13.3, 52.083333333], "Q6109": [13.866666666, 53.25], "Q1209": [8.5913, 53.347266666], "Q24879": [8.808888888, 53.076944444], "Q2706": [8.583333333, 53.55], "Q1055": [10.0, 53.55], "Q1630": [9.9333, 53.55], "Q1637": [10.210277777, 53.487222222], "Q1632": [9.959444444, 53.574444444], "Q1626": [9.994166666, 53.550277777], "Q1627": [10.0, 53.616666666], "Q1635": [9.966666666, 53.45], "Q1633": [10.083333333, 53.583333333], "Q1199": [9.028472222, 50.608027777], "Q7932": [8.75, 50.08], "Q7931": [8.67, 50.67], "Q7928": [9.42, 51.17], "Q1197": [9.393055555, 52.756111111], "Q5947": [7.92, 53.25], "Q5929": [7.33, 53.5], "Q2773": [10.521111111, 52.269166666], "Q5919": [10.08, 52.58], "Q5945": [8.0, 52.83], "Q5939": [7.08, 52.42], "Q5897": [8.83, 53.67], "Q3907": [8.631666666, 53.050555555], "Q5956": [8.58, 52.67], "Q4174": [7.206111111, 53.366944444], "Q5936": [7.25, 52.67], "Q5932": [8.0, 53.5], "Q6053": [10.55, 52.483333333], "Q6040": [10.421111111, 51.910555555], "Q6022": [9.92, 51.5], "Q5970": [9.33, 52.08], "Q5963": [9.72, 52.42], "Q5907": [9.96972, 53.32861], "Q5922": [9.75, 52.92], "Q6047": [10.92, 52.25], "Q5978": [9.92, 52.08], "Q5973": [9.5, 51.83], "Q5958": [9.17, 52.67], "Q5934": [7.5, 53.25], "Q5913": [11.17, 53.0], "Q5910": [10.5, 53.25], "Q6018": [9.83, 51.75], "Q5952": [8.42, 53.0], "Q5940": [8.17, 52.33], "Q5926": [8.83, 53.25], "Q6045": [10.25, 52.33], "Q5923": [9.33, 53.25], "Q3200": [10.359305555, 52.150277777], "Q5966": [9.17, 52.25], "Q5906": [9.42, 53.58], "Q5915": [10.58, 53.0], "Q5941": [8.25, 52.67], "Q5927": [9.17, 53.0], "Q5948": [8.33, 53.33], "Q3857": [8.133333333, 53.516666666], "Q5931": [7.75, 53.58], "Q6041": [10.583333333, 52.166666666], "Q3014": [10.787222222, 52.423055555], "Q1196": [12.7, 53.616666666], "Q2905": [11.55, 53.45], "Q2902": [12.98, 53.55], "Q2876": [11.17, 53.83], "Q2861": [12.133333333, 54.083333333], "Q2898": [12.25, 53.9], "Q1709": [11.416666666, 53.633333333], "Q2917": [13.89, 53.76], "Q2909": [13.02, 54.25], "Q1198": [7.55, 51.466666666], "Q7924": [8.0071, 51.32967], "Q7927": [6.92, 50.83], "Q7923": [8.75, 52.0], "Q7926": [6.67, 51.42], "Q7920": [7.5, 52.0], "Q1200": [7.449722, 49.913056], "Q8596": [7.083333333, 50.533333333], "Q8608": [7.75, 50.75], "Q8566": [8.25, 49.67], "Q8557": [8.17, 49.5], "Q8572": [7.83, 49.83], "Q8585": [6.889722222, 49.986944444], "Q8575": [7.33, 49.67], "Q8590": [7.17, 50.17], "Q8564": [7.916666666, 49.633333333], "Q8580": [6.42, 50.0], "Q6905": [8.35, 49.533333333], "Q8543": [8.25, 49.08], "Q3758": [7.768888888, 49.444722222], "Q3104": [7.597777777, 50.359722222], "Q8562": [7.5, 49.58], "Q7052": [8.123055555, 49.199444444], "Q8559": [7.67, 49.5], "Q2910": [8.435277777, 49.481111111], "Q1720": [8.266666666, 50.0], "Q8569": [8.08, 49.92], "Q8593": [7.33, 50.33], "Q4149": [8.19525, 49.3443], "Q8606": [7.5, 50.5], "Q14849": [7.6, 49.2], "Q8574": [7.5, 50.08], "Q8601": [7.866666666, 50.266666666], "Q8554": [8.33, 49.42], "Q6829": [8.431111111, 49.319444444], "Q8551": [8.0, 49.17], "Q8552": [7.583333333, 49.2], "Q3138": [6.641388888, 49.756666666], "Q8579": [6.67, 49.67], "Q8583": [6.75, 50.25], "Q8602": [7.866666666, 50.516666666], "Q3852": [8.365277777, 49.631944444], "Q16017": [7.360833333, 49.249444444], "Q1201": [6.878377777, 49.37715], "Q6802": [6.75, 49.5], "Q6799": [7.17, 49.33], "Q6805": [7.0, 49.25], "Q6794": [6.75, 49.33], "Q6793": [7.25, 49.25], "Q6789": [7.17, 49.5], "Q1202": [13.358888888, 51.026944444], "Q571947": [14.266666666, 51.283333333], "Q2795": [12.916666666, 50.833333333], "Q1731": [13.74, 51.05], "Q6339": [12.95, 50.6], "Q6317": [14.82, 51.28], "Q6308": [12.5, 51.116666666], "Q2079": [12.383333333, 51.333333333], "Q6313": [13.516666666, 51.216666666], "Q6328": [13.183333333, 50.916666666], "Q6301": [12.75, 51.5], "Q6323": [13.833333333, 50.9], "Q6337": [12.266666666, 50.433333333], "Q6330": [12.53, 50.75], "Q1206": [11.47, 51.971111111], "Q6061": [11.216666666, 52.683333333], "Q6071": [12.066666666, 51.716666666], "Q6102": [11.866666666, 51.15], "Q6064": [11.333333333, 52.166666666], "Q3828": [12.233333, 51.833333], "Q2814": [11.969722222, 51.482777777], "Q6087": [10.96, 51.82], "Q6068": [12.066666666, 52.333333333], "Q1733": [11.639166666, 52.131666666], "Q6092": [11.366666666, 51.533333333], "Q6098": [11.833333333, 51.4], "Q6081": [11.583333333, 51.833333333], "Q6057": [11.85, 52.683333333], "Q6075": [12.683333333, 51.8], "Q1194": [9.51416, 54.470038], "Q2947": [9.08, 54.08], "Q3798": [9.436666666, 54.781944444], "Q3000": [10.666666666, 53.583333333], "Q1707": [10.139444444, 54.323333333], "Q2843": [10.686388888, 53.869722222], "Q3879": [9.99, 54.071388888], "Q2937": [9.0, 54.58], "Q2975": [10.83, 54.17], "Q3006": [9.75, 53.75], "Q2970": [10.42, 54.25], "Q2967": [9.75, 54.25], "Q2941": [9.58, 54.67], "Q2980": [10.17, 53.92], "Q3011": [9.5, 53.92], "Q3003": [10.33, 53.75], "Q1205": [11.0, 51.0], "Q7888": [12.416666666, 51.0], "Q7861": [10.25, 51.33], "Q7070": [10.324444444, 50.974722222], "Q1729": [11.029166666, 50.978055555], "Q3750": [12.08242, 50.87818], "Q7869": [10.75, 50.92], "Q7887": [12.08, 50.75], "Q7878": [11.0, 50.75], "Q3150": [11.586388888, 50.927222222], "Q7862": [10.92, 51.33], "Q7872": [10.75, 50.42], "Q7882": [11.33, 50.67], "Q7858": [10.73, 51.5], "Q7884": [11.75, 50.92], "Q7883": [11.75, 50.58], "Q7871": [10.42, 50.67], "Q7875": [11.13, 50.41], "Q14891": [10.693055555, 50.610555555], "Q7865": [11.16, 51.16], "Q7864": [10.5, 51.17], "Q7866": [10.25, 50.92], "Q3955": [11.316666666, 50.983333333], "Q7879": [11.42, 51.0]}